feature,importance
rolling_7,0.39744119009475803
rolling_30,0.15216006658151582
month,0.11669811518922278
base_demand,0.10963327083951738
week_number,0.058177618432101584
lag_7,0.04005020806544986
lag_14,0.03730247733280936
lag_30,0.037031657964105194
day_of_week,0.01849797500517286
product_enc,0.017333755981760946
category_enc,0.008680537663970008
quarter,0.004675288273757441
is_weekend,0.0023178385758588966
